Matrix Size,Speedup
200,0.0524147
400,7.61187
600,12.0386
800,11.2773
1000,17.7637
1200,16.9696
1400,22.4487
